{"cameraMode":{"drawMode":0,"name":"Shaded","section":"Shading Mode"},"sceneLighting":true,"audioPlay":false,"sceneViewState":{"showFog":true,"showMaterialUpdate":false,"showSkybox":true,"showFlares":true,"showImageEffects":true,"showParticleSystems":true},"in2DMode":false,"pivot":{"x":-0.20912139117717744,"y":2.2025856971740724,"z":-0.08604653924703598},"rotation":{"x":0.4194587469100952,"y":0.46040278673171999,"z":0.26233580708503725,"w":-0.7371431589126587},"size":0.4575084447860718,"orthographic":false}